seasonID,teamID,year,division,meetsWon,meetsLost,meetsTied,PowerRanking,dmPoints,drPoints,dPoints,arPoints,aPoints,tPoints,gtPoints
T2021_Season,T2021,2021,1,5,0,0,2.46,1204.5,170.0,1620,0.0,882,1374.5,3876.5
CB2021_Season,CB2021,2021,1,4,1,0,3.46,1191.5,180.0,1572,0.0,556,1371.5,3499.5
O2021_Season,O2021,2021,1,3,2,0,4.45,1174.0,202.0,1570,0.0,520,1376.0,3466.0
DR2021_Season,DR2021,2021,1,2,3,0,5.65,1102.0,170.0,1252,0.0,808,1272.0,3332.0
HS2021_Season,HS2021,2021,1,1,4,0,7.27,908.0,124.0,1328,0.0,474,1032.0,2834.0
DT2021_Season,DT2021,2021,1,0,5,0,9.15,717.0,96.0,896,0.0,302,813.0,2011.0
L2021_Season,L2021,2021,2,5,0,0,4.85,1214.0,178.0,1546,0.0,334,1392.0,3272.0
CP2021_Season,CP2021,2021,2,4,1,0,5.84,1206.0,190.0,1458,0.0,408,1396.0,3262.0
ML2021_Season,ML2021,2021,2,3,2,0,7.31,1122.0,150.0,1408,0.0,364,1272.0,3044.0
HSC2021_Season,HSC2021,2021,2,2,3,0,8.48,1057.0,176.0,1306,0.0,380,1233.0,2919.0
WC2021_Season,WC2021,2021,2,1,4,0,10.3,935.0,136.0,1304,0.0,330,1071.0,2705.0
MVP2021_Season,MVP2021,2021,2,0,5,0,12.68,763.0,116.0,1222,0.0,128,879.0,2229.0
FO2021_Season,FO2021,2021,3,5,0,0,7.11,1225.5,198.0,1618,0.0,804,1423.5,3845.5
LRR2021_Season,LRR2021,2021,3,4,1,0,9.16,1071.5,170.0,1416,0.0,382,1241.5,3039.5
HPP2021_Season,HPP2021,2021,3,3,2,0,10.03,1083.0,178.0,1392,0.0,316,1261.0,2969.0
HV2021_Season,HV2021,2021,3,1,3,1,11.68,1019.0,148.0,1370,0.0,306,1167.0,2843.0
VW2021_Season,VW2021,2021,3,1,3,1,11.96,1004.0,126.0,1222,0.0,232,1130.0,2584.0
VR2021_Season,VR2021,2021,3,0,5,0,14.95,886.0,132.0,1216,0.0,252,1018.0,2486.0
KG2021_Season,KG2021,2021,4,5,0,0,10.04,1181.0,164.0,1426,0.0,462,1345.0,3233.0
OAK2021_Season,OAK2021,2021,4,4,1,0,10.31,1218.5,232.0,1484,0.0,430,1450.5,3364.5
VAC2021_Season,VAC2021,2021,4,3,2,0,12.83,1084.5,162.0,1354,0.0,284,1246.5,2884.5
CH2021_Season,CH2021,2021,4,2,3,0,13.77,1094.0,160.0,1450,0.0,308,1254.0,3012.0
OH2021_Season,OH2021,2021,4,1,4,0,15.66,1012.0,146.0,1520,0.0,170,1158.0,2848.0
SR2021_Season,SR2021,2021,4,0,5,0,22.61,675.0,92.0,984,0.0,198,767.0,1949.0
OKM2021_Season,OKM2021,2021,5,5,0,0,10.9,1319.0,230.0,1778,0.0,442,1549.0,3769.0
M2021_Season,M2021,2021,5,3,2,0,14.89,1110.0,200.0,1636,0.0,330,1310.0,3276.0
HB2021_Season,HB2021,2021,5,3,2,0,16.14,1060.0,134.0,1352,0.0,176,1194.0,2722.0
B2021_Season,B2021,2021,5,2,3,0,17.24,1041.0,144.0,1162,0.0,332,1185.0,2679.0
SHR2021_Season,SHR2021,2021,5,2,3,0,18.14,977.0,138.0,1190,0.0,306,1115.0,2611.0
HTM2021_Season,HTM2021,2021,5,0,5,0,24.1,774.0,110.0,1112,0.0,182,884.0,2178.0
LG2021_Season,LG2021,2021,6,5,0,0,14.32,1204.5,210.0,1550,0.0,130,1414.5,3094.5
VH2021_Season,VH2021,2021,6,4,1,0,15.8,1200.5,168.0,1508,0.0,92,1368.5,2968.5
CCH2021_Season,CCH2021,2021,6,3,2,0,19.68,980.0,166.0,1416,0.0,166,1146.0,2728.0
LV2021_Season,LV2021,2021,6,2,3,0,19.6,1052.5,168.0,1370,0.0,266,1220.5,2856.5
WG2021_Season,WG2021,2021,6,1,4,0,24.51,869.5,118.0,1112,0.0,72,987.5,2171.5
FCE2021_Season,FCE2021,2021,6,0,5,0,24.27,925.0,126.0,1234,0.0,124,1051.0,2409.0
PC2021_Season,PC2021,2021,7,5,0,0,17.64,1147.5,192.0,1538,0.0,116,1339.5,2993.5
R2021_Season,R2021,2021,7,3,2,0,21.31,1062.0,162.0,1412,0.0,68,1224.0,2704.0
WW2021_Season,WW2021,2021,7,3,2,0,21.36,1097.5,123.0,1556,0.0,214,1220.5,2990.5
LE2021_Season,LE2021,2021,7,3,2,0,21.98,1059.5,123.0,1160,0.0,200,1182.5,2542.5
SHB2021_Season,SHB2021,2021,7,1,4,0,24.1,1017.5,158.0,1336,0.0,142,1175.5,2653.5
VA2021_Season,VA2021,2021,7,0,5,0,27.44,889.0,164.0,1234,0.0,28,1053.0,2315.0
DL2021_Season,DL2021,2021,8,5,0,0,18.73,1250.0,192.0,1504,0.0,44,1442.0,2990.0
DH2021_Season,DH2021,2021,8,4,1,0,20.4,1204.5,188.0,1608,0.0,96,1392.5,3096.5
G2021_Season,G2021,2021,8,3,2,0,23.75,1058.0,184.0,1542,0.0,104,1242.0,2888.0
HM2021_Season,HM2021,2021,8,2,3,0,27.09,959.0,162.0,1214,0.0,104,1121.0,2439.0
SS2021_Season,SS2021,2021,8,1,4,0,26.27,1060.5,152.0,1310,0.0,226,1212.5,2748.5
FMW2021_Season,FMW2021,2021,8,0,5,0,39.32,709.0,78.0,1040,0.0,42,787.0,1869.0
LHP2021_Season,LHP2021,2021,9,5,0,0,21.7,1236.0,164.0,1460,0.0,124,1400.0,2984.0
SOR2021_Season,SOR2021,2021,9,4,1,0,24.37,1122.0,178.0,1522,0.0,228,1300.0,3050.0
FS2021_Season,FS2021,2021,9,3,2,0,24.52,1175.0,174.0,1438,0.0,222,1349.0,3009.0
AF2021_Season,AF2021,2021,9,1,4,0,30.24,1014.0,144.0,1432,0.0,78,1158.0,2668.0
GF2021_Season,GF2021,2021,9,1,4,0,31.77,930.0,164.0,1236,0.0,96,1094.0,2426.0
MW2021_Season,MW2021,2021,9,1,4,0,37.21,803.0,112.0,1160,0.0,78,915.0,2153.0
SB2021_Season,SB2021,2021,10,5,0,0,23.57,1246.5,186.0,1714,0.0,126,1432.5,3272.5
F2021_Season,F2021,2021,10,4,1,0,26.69,1144.0,170.0,1574,0.0,252,1314.0,3140.0
RG2021_Season,RG2021,2021,10,3,2,0,29.95,1042.0,166.0,1312,0.0,54,1208.0,2574.0
CCC2021_Season,CCC2021,2021,10,2,3,0,33.92,986.0,106.0,1370,0.0,204,1092.0,2666.0
RFD2021_Season,RFD2021,2021,10,1,4,0,33.74,953.0,182.0,1024,0.0,186,1135.0,2345.0
FME2021_Season,FME2021,2021,10,0,5,0,39.64,848.5,126.0,1132,0.0,44,974.5,2150.5
CW2021_Season,CW2021,2021,11,5,0,0,24.62,1290.5,218.0,1386,0.0,150,1508.5,3044.5
HP2021_Season,HP2021,2021,11,4,1,0,31.73,1054.5,154.0,1394,0.0,80,1208.5,2682.5
PH2021_Season,PH2021,2021,11,3,2,0,30.39,1120.0,188.0,1564,0.0,88,1308.0,2960.0
SRA2021_Season,SRA2021,2021,11,2,3,0,37.01,964.0,128.0,1224,0.0,62,1092.0,2378.0
BF2021_Season,BF2021,2021,11,1,4,0,40.61,904.5,110.0,1222,0.0,100,1014.5,2336.5
SOC2021_Season,SOC2021,2021,11,0,5,0,39.5,920.5,156.0,1376,0.0,92,1076.5,2544.5
RH2021_Season,RH2021,2021,12,5,0,0,27.66,1240.5,224.0,1696,0.0,158,1464.5,3318.5
RF2021_Season,RF2021,2021,12,3,2,0,35.19,1084.5,136.0,1452,0.0,158,1220.5,2830.5
HF2021_Season,HF2021,2021,12,2,3,0,37.95,1019.0,140.0,1420,0.0,28,1159.0,2607.0
THA2021_Season,THA2021,2021,12,2,3,0,38.66,990.0,146.0,1316,0.0,16,1136.0,2468.0
HRA2021_Season,HRA2021,2021,12,2,3,0,39.46,981.0,130.0,1112,0.0,120,1111.0,2343.0
A2021_Season,A2021,2021,12,1,4,0,43.72,886.0,134.0,1150,0.0,60,1020.0,2230.0
CT2021_Season,CT2021,2021,13,5,0,0,28.69,1327.5,202.0,1698,0.0,132,1529.5,3359.5
FH2021_Season,FH2021,2021,13,4,1,0,37.42,1049.0,156.0,1348,0.0,40,1205.0,2593.0
DV2021_Season,DV2021,2021,13,3,2,0,37.52,1073.5,162.0,1354,0.0,202,1235.5,2791.5
MHC2021_Season,MHC2021,2021,13,2,3,0,40.62,1016.5,150.0,1384,0.0,54,1166.5,2604.5
SV2021_Season,SV2021,2021,13,1,4,0,42.16,1004.0,146.0,1218,0.0,150,1150.0,2518.0
KR2021_Season,KR2021,2021,13,0,5,0,52.83,799.5,118.0,1220,0.0,4,917.5,2141.5
FX2021_Season,FX2021,2021,14,4,1,0,36.7,1160.0,164.0,1588,0.0,124,1324.0,3036.0
PT2021_Season,PT2021,2021,14,4,1,0,37.95,1089.0,190.0,1326,0.0,204,1279.0,2809.0
RV2021_Season,RV2021,2021,14,3,2,0,39.93,1074.0,172.0,1474,0.0,294,1246.0,3014.0
W2021_Season,W2021,2021,14,1,3,1,43.4,1002.0,168.0,1380,0.0,86,1170.0,2636.0
SS22021_Season,SS22021,2021,14,1,3,1,45.77,965.0,140.0,1184,0.0,36,1105.0,2325.0
LH2021_Season,LH2021,2021,14,1,4,0,53.91,867.0,80.0,1226,0.0,228,947.0,2401.0
PL2021_Season,PL2021,2021,15,5,0,0,30.45,1451.0,212.0,2268,0.0,18,1663.0,3949.0
HH2021_Season,HH2021,2021,15,4,1,0,43.99,1038.0,140.0,1124,0.0,26,1178.0,2328.0
LB2021_Season,LB2021,2021,15,3,2,0,43.51,1050.0,170.0,1396,0.0,26,1220.0,2642.0
PAR2021_Season,PAR2021,2021,15,2,3,0,47.38,991.0,150.0,1318,0.0,36,1141.0,2495.0
H2021_Season,H2021,2021,15,1,4,0,55.2,873.0,116.0,1072,0.0,88,989.0,2149.0
IC2021_Season,IC2021,2021,15,0,5,0,62.74,775.0,102.0,882,0.0,88,877.0,1847.0
LP2021_Season,LP2021,2021,16,5,0,0,36.55,1266.0,212.0,1758,0.0,18,1478.0,3254.0
CSC2021_Season,CSC2021,2021,16,4,1,0,45.46,1077.0,138.0,1364,0.0,0,1215.0,2579.0
BKS2021_Season,BKS2021,2021,16,3,2,0,45.28,1068.0,180.0,1568,0.0,68,1248.0,2884.0
LBR2021_Season,LBR2021,2021,16,2,3,0,45.8,1092.0,170.0,1408,0.0,46,1262.0,2716.0
NF2021_Season,NF2021,2021,16,1,4,0,60.09,865.0,98.0,924,0.0,0,963.0,1887.0
PV2021_Season,PV2021,2021,16,0,5,0,72.1,737.0,68.0,864,0.0,0,805.0,1669.0
V2021_Season,V2021,2021,17,5,0,0,38.54,1279.0,210.0,1842,0.0,0,1489.0,3331.0
BC2021_Season,BC2021,2021,17,4,1,0,44.38,1179.0,144.0,1290,0.0,0,1323.0,2613.0
NS2021_Season,NS2021,2021,17,3,2,0,43.5,1241.0,142.0,1542,0.0,0,1383.0,2925.0
S2021_Season,S2021,2021,17,2,3,0,57.4,945.0,110.0,1158,0.0,40,1055.0,2253.0
PW2021_Season,PW2021,2021,17,1,4,0,87.18,634.0,56.0,688,0.0,0,690.0,1378.0
EP2021_Season,EP2021,2021,17,0,5,0,365.96,153.0,6.0,178,0.0,0,159.0,337.0
CB2022_Season,CB2022,2022,1,5,0,0,1.51,1333.0,230.0,1456,674.0,614,2237.0,4307.0
T2022_Season,T2022,2022,1,4,1,0,2.65,1257.5,186.0,1682,598.0,631,2041.5,4354.5
O2022_Season,O2022,2022,1,3,2,0,3.74,1137.0,190.0,1334,614.0,710,1941.0,3985.0
DR2022_Season,DR2022,2022,1,2,3,0,5.36,884.5,150.0,1362,397.0,418,1431.5,3211.5
HS2022_Season,HS2022,2022,1,1,4,0,6.28,957.0,128.0,1330,393.0,594,1478.0,3402.0
L2022_Season,L2022,2022,1,0,5,0,8.39,731.0,74.0,1070,190.0,341,995.0,2406.0
ML2022_Season,ML2022,2022,2,5,0,0,3.92,1185.0,196.0,1388,343.0,214,1724.0,3326.0
FO2022_Season,FO2022,2022,2,4,1,0,5.14,1127.0,182.0,1448,320.0,618,1629.0,3695.0
KG2022_Season,KG2022,2022,2,3,2,0,7.02,1032.0,116.0,1226,196.0,457,1344.0,3027.0
CP2022_Season,CP2022,2022,2,2,3,0,7.45,1061.0,164.0,1442,292.0,500,1517.0,3459.0
LRR2022_Season,LRR2022,2022,2,1,4,0,9.3,939.0,134.0,1490,202.0,370,1275.0,3135.0
HSC2022_Season,HSC2022,2022,2,0,5,0,10.19,956.0,162.0,1260,183.0,526,1301.0,3087.0
OKM2022_Season,OKM2022,2022,3,5,0,0,5.7,1283.5,214.0,1548,280.0,390,1777.5,3715.5
WC2022_Season,WC2022,2022,3,4,1,0,8.02,1090.0,158.0,1538,194.0,406,1442.0,3386.0
HV2022_Season,HV2022,2022,3,3,2,0,9.67,1033.0,155.0,1342,132.0,228,1320.0,2890.0
HPP2022_Season,HPP2022,2022,3,2,3,0,11.12,1020.0,129.0,1248,98.0,268,1247.0,2763.0
VW2022_Season,VW2022,2022,3,1,4,0,12.66,953.5,146.0,1296,70.0,278,1169.5,2743.5
DT2022_Season,DT2022,2022,3,0,5,0,13.49,911.0,150.0,1276,132.0,286,1193.0,2755.0
CH2022_Season,CH2022,2022,4,5,0,0,9.96,1172.5,158.0,1404,26.0,266,1356.5,3026.5
OH2022_Season,OH2022,2022,4,4,1,0,9.83,1128.5,172.0,1450,228.0,276,1528.5,3254.5
M2022_Season,M2022,2022,4,2,3,0,12.65,1042.0,162.0,1416,196.0,256,1400.0,3072.0
LG2022_Season,LG2022,2022,4,2,3,0,14.49,985.5,156.0,1332,34.0,268,1175.5,2775.5
OAK2022_Season,OAK2022,2022,4,1,3,1,13.93,1008.0,174.0,1402,54.0,336,1236.0,2974.0
VAC2022_Season,VAC2022,2022,4,0,4,1,15.76,962.5,138.0,1252,48.0,208,1148.5,2608.5
HB2022_Season,HB2022,2022,5,4,1,0,12.48,1131.0,166.0,1356,174.0,178,1471.0,3005.0
LHP2022_Season,LHP2022,2022,5,4,1,0,14.07,1094.0,138.0,1460,60.0,88,1292.0,2840.0
MVP2022_Season,MVP2022,2022,5,3,2,0,14.88,1095.0,188.0,1524,28.0,166,1311.0,3001.0
VR2022_Season,VR2022,2022,5,2,3,0,14.91,1057.0,204.0,1464,156.0,184,1417.0,3065.0
VH2022_Season,VH2022,2022,5,2,3,0,15.65,1054.0,172.0,1346,108.0,274,1334.0,2954.0
B2022_Season,B2022,2022,5,0,5,0,22.07,861.0,92.0,1100,36.0,182,989.0,2271.0
SHR2022_Season,SHR2022,2022,6,5,0,0,13.81,1132.5,188.0,1384,146.0,166,1466.5,3016.5
DL2022_Season,DL2022,2022,6,4,1,0,15.97,1177.0,152.0,1612,24.0,80,1353.0,3045.0
PC2022_Season,PC2022,2022,6,3,2,0,17.15,1075.0,148.0,1300,114.0,88,1337.0,2725.0
SOR2022_Season,SOR2022,2022,6,2,3,0,18.99,1041.0,170.0,1280,56.0,178,1267.0,2725.0
CCH2022_Season,CCH2022,2022,6,1,4,0,23.1,936.5,124.0,1392,0.0,8,1060.5,2460.5
LV2022_Season,LV2022,2022,6,0,5,0,22.36,931.0,166.0,1284,70.0,46,1167.0,2497.0
LE2022_Season,LE2022,2022,7,5,0,0,16.71,1210.0,178.0,1260,26.0,238,1414.0,2912.0
FS2022_Season,FS2022,2022,7,4,1,0,18.29,1123.0,186.0,1522,58.0,228,1367.0,3117.0
R2022_Season,R2022,2022,7,3,2,0,21.1,1035.0,146.0,1272,56.0,126,1237.0,2635.0
DH2022_Season,DH2022,2022,7,2,3,0,22.04,1053.0,152.0,1608,36.0,54,1241.0,2903.0
CW2022_Season,CW2022,2022,7,1,4,0,24.99,968.0,128.0,1190,30.0,216,1126.0,2532.0
WW2022_Season,WW2022,2022,7,0,5,0,26.78,899.0,162.0,1364,24.0,168,1085.0,2617.0
HTM2022_Season,HTM2022,2022,8,4,1,0,18.76,1194.5,194.0,1562,132.0,340,1520.5,3422.5
F2022_Season,F2022,2022,8,4,1,0,20.39,1129.0,176.0,1444,88.0,316,1393.0,3153.0
SB2022_Season,SB2022,2022,8,3,2,0,22.63,1089.0,170.0,1472,50.0,102,1309.0,2883.0
CT2022_Season,CT2022,2022,8,3,2,0,23.62,1103.5,146.0,1352,0.0,136,1249.5,2737.5
SHB2022_Season,SHB2022,2022,8,1,4,0,23.76,1018.5,178.0,1252,170.0,280,1366.5,2898.5
G2022_Season,G2022,2022,8,0,5,0,35.99,751.5,92.0,1148,28.0,168,871.5,2187.5
PH2022_Season,PH2022,2022,9,5,0,0,22.65,1155.5,174.0,1462,12.0,58,1341.5,2861.5
RH2022_Season,RH2022,2022,9,4,1,0,20.7,1240.0,182.0,1576,120.0,350,1542.0,3468.0
VA2022_Season,VA2022,2022,9,3,2,0,26.33,999.0,202.0,1342,48.0,184,1249.0,2775.0
AF2022_Season,AF2022,2022,9,2,3,0,26.91,1092.5,140.0,1490,38.0,120,1270.5,2880.5
GF2022_Season,GF2022,2022,9,1,4,0,32.94,920.0,130.0,1294,0.0,68,1050.0,2412.0
HP2022_Season,HP2022,2022,9,0,5,0,34.93,881.0,114.0,1064,20.0,142,1015.0,2221.0
CCC2022_Season,CCC2022,2022,10,4,1,0,24.64,1194.0,192.0,1530,42.0,172,1428.0,3130.0
WG2022_Season,WG2022,2022,10,4,1,0,25.68,1166.0,182.0,1576,20.0,94,1368.0,3038.0
SS2022_Season,SS2022,2022,10,4,1,0,26.35,1089.5,186.0,1432,56.0,348,1331.5,3111.5
HM2022_Season,HM2022,2022,10,2,3,0,32.85,979.0,152.0,1310,0.0,174,1131.0,2615.0
RG2022_Season,RG2022,2022,10,1,4,0,39.17,864.0,96.0,1018,0.0,10,960.0,1988.0
FCE2022_Season,FCE2022,2022,10,0,5,0,37.17,943.5,106.0,1274,0.0,146,1049.5,2469.5
PL2022_Season,PL2022,2022,11,5,0,0,24.96,1274.0,212.0,1760,2.0,32,1488.0,3280.0
MW2022_Season,MW2022,2022,11,4,1,0,31.41,1089.0,132.0,1404,0.0,12,1221.0,2637.0
SR2022_Season,SR2022,2022,11,3,2,0,29.43,1074.0,170.0,1490,110.0,322,1354.0,3166.0
SRA2022_Season,SRA2022,2022,11,1,4,0,37.55,953.0,126.0,1370,28.0,142,1107.0,2619.0
RF2022_Season,RF2022,2022,11,1,4,0,38.32,954.0,128.0,1240,0.0,94,1082.0,2416.0
RFD2022_Season,RFD2022,2022,11,1,4,0,38.48,869.0,148.0,958,60.0,162,1077.0,2197.0
FX2022_Season,FX2022,2022,12,5,0,0,30.71,1127.0,184.0,1480,8.0,32,1319.0,2831.0
THA2022_Season,THA2022,2022,12,4,1,0,32.87,1125.0,146.0,1370,0.0,100,1271.0,2741.0
FH2022_Season,FH2022,2022,12,2,3,0,34.36,1074.0,178.0,1580,40.0,44,1292.0,2916.0
PT2022_Season,PT2022,2022,12,2,3,0,35.96,1017.0,158.0,1284,54.0,316,1229.0,2829.0
DV2022_Season,DV2022,2022,12,2,3,0,36.32,1038.0,154.0,1376,24.0,154,1216.0,2746.0
HF2022_Season,HF2022,2022,12,0,5,0,44.91,891.0,124.0,1146,0.0,8,1015.0,2169.0
T2023_Season,T2023,2023,1,5,0,0,1.62,1249.0,188.0,1694,644.0,798,2081.0,4573.0
O2023_Season,O2023,2023,1,4,1,0,2.72,1258.5,202.0,1512,502.0,772,1962.5,4246.5
CB2023_Season,CB2023,2023,1,3,2,0,3.75,1145.5,186.0,1384,598.0,394,1929.5,3707.5
DR2023_Season,DR2023,2023,1,2,3,0,5.08,1016.5,154.0,1366,454.0,438,1624.5,3428.5
HS2023_Season,HS2023,2023,1,1,4,0,6.53,912.5,132.0,1274,291.0,280,1335.5,2889.5
ML2023_Season,ML2023,2023,1,0,5,0,8.06,717.0,94.0,1018,294.0,518,1105.0,2641.0
OKM2023_Season,OKM2023,2023,2,5,0,0,3.66,1240.0,226.0,1662,380.0,682,1846.0,4190.0
CP2023_Season,CP2023,2023,2,4,1,0,4.83,1141.0,188.0,1408,435.0,736,1764.0,3908.0
L2023_Season,L2023,2023,2,3,2,0,6.27,1112.0,164.0,1360,304.0,292,1580.0,3232.0
KG2023_Season,KG2023,2023,2,2,3,0,8.19,992.0,124.0,1210,186.0,200,1302.0,2712.0
LRR2023_Season,LRR2023,2023,2,1,4,0,9.75,943.0,122.0,1266,110.0,448,1175.0,2889.0
FO2023_Season,FO2023,2023,2,0,5,0,10.49,870.0,142.0,1330,218.0,524,1230.0,3084.0
HV2023_Season,HV2023,2023,3,4,1,0,8.09,1130.0,162.0,1532,136.0,412,1428.0,3372.0
HPP2023_Season,HPP2023,2023,3,4,1,0,8.46,1157.5,168.0,1303,32.0,428,1357.5,3088.5
HSC2023_Season,HSC2023,2023,3,3,2,0,8.89,1115.0,168.0,1382,186.0,402,1469.0,3253.0
WC2023_Season,WC2023,2023,3,3,2,0,9.05,1048.5,182.0,1502,206.0,262,1436.5,3200.5
OH2023_Season,OH2023,2023,3,1,4,0,11.7,1014.5,146.0,1316,154.0,262,1314.5,2892.5
CH2023_Season,CH2023,2023,3,0,5,0,14.87,832.5,136.0,1200,58.0,318,1026.5,2544.5
OAK2023_Season,OAK2023,2023,4,5,0,0,8.02,1251.0,226.0,1564,206.0,322,1683.0,3569.0
M2023_Season,M2023,2023,4,4,1,0,10.74,1120.5,168.0,1494,98.0,446,1386.5,3326.5
VW2023_Season,VW2023,2023,4,3,2,0,12.92,1038.5,166.0,1428,32.0,362,1236.5,3026.5
HB2023_Season,HB2023,2023,4,1,4,0,15.61,965.0,148.0,1294,50.0,158,1163.0,2615.0
LHP2023_Season,LHP2023,2023,4,1,4,0,15.65,967.0,122.0,1152,70.0,74,1159.0,2385.0
LG2023_Season,LG2023,2023,4,1,4,0,15.81,957.0,126.0,1316,60.0,212,1143.0,2671.0
VAC2023_Season,VAC2023,2023,5,5,0,0,10.81,1233.5,208.0,1518,120.0,344,1561.5,3423.5
VH2023_Season,VH2023,2023,5,4,1,0,12.83,1138.5,172.0,1534,116.0,203,1426.5,3163.5
SHR2023_Season,SHR2023,2023,5,3,2,0,14.39,1056.0,174.0,1324,132.0,226,1362.0,2912.0
VR2023_Season,VR2023,2023,5,2,3,0,15.8,1072.5,156.0,1418,90.0,114,1318.5,2850.5
DT2023_Season,DT2023,2023,5,1,4,0,18.7,915.0,138.0,1178,95.0,108,1148.0,2434.0
MVP2023_Season,MVP2023,2023,5,0,5,0,22.02,879.5,112.0,1288,0.0,69,991.5,2348.5
PC2023_Season,PC2023,2023,6,5,0,0,14.03,1197.5,180.0,1468,66.0,152,1443.5,3063.5
SOR2023_Season,SOR2023,2023,6,3,2,0,17.29,1090.5,174.0,1310,60.0,246,1324.5,2880.5
DL2023_Season,DL2023,2023,6,3,2,0,17.87,1042.0,172.0,1424,62.0,120,1276.0,2820.0
FS2023_Season,FS2023,2023,6,3,2,0,18.04,1067.0,158.0,1430,38.0,128,1263.0,2821.0
HTM2023_Season,HTM2023,2023,6,1,4,0,20.41,976.0,158.0,1338,100.0,242,1234.0,2814.0
LE2023_Season,LE2023,2023,6,0,5,0,23.9,922.0,100.0,1282,50.0,244,1072.0,2598.0
SB2023_Season,SB2023,2023,7,5,0,0,16.61,1206.5,192.0,1612,24.0,158,1422.5,3192.5
PH2023_Season,PH2023,2023,7,4,1,0,18.53,1116.0,174.0,1448,58.0,72,1348.0,2868.0
F2023_Season,F2023,2023,7,3,2,0,18.54,1139.0,176.0,1496,114.0,186,1429.0,3111.0
CT2023_Season,CT2023,2023,7,2,3,0,22.63,1018.0,126.0,1306,60.0,132,1204.0,2642.0
R2023_Season,R2023,2023,7,1,4,0,21.89,1143.0,166.0,1514,12.0,6,1321.0,2841.0
B2023_Season,B2023,2023,7,0,5,0,34.78,657.5,108.0,858,28.0,42,793.5,1693.5
DH2023_Season,DH2023,2023,8,5,0,0,20.25,1146.0,150.0,1636,38.0,118,1334.0,3088.0
SHB2023_Season,SHB2023,2023,8,3,2,0,22.56,1097.5,162.0,1308,54.0,240,1313.5,2861.5
CW2023_Season,CW2023,2023,8,3,2,0,24.01,1056.0,150.0,1220,21.0,248,1227.0,2695.0
RH2023_Season,RH2023,2023,8,2,2,1,21.02,1112.0,190.0,1374,118.0,172,1420.0,2966.0
LV2023_Season,LV2023,2023,8,1,3,1,24.05,983.0,162.0,1350,138.0,262,1283.0,2895.0
CCH2023_Season,CCH2023,2023,8,0,5,0,30.88,893.5,130.0,1324,20.0,54,1043.5,2421.5
PL2023_Season,PL2023,2023,9,4,1,0,23.39,1142.0,136.0,1468,79.0,152,1357.0,2977.0
SS2023_Season,SS2023,2023,9,3,2,0,25.16,1044.0,190.0,1440,78.0,272,1312.0,3024.0
VA2023_Season,VA2023,2023,9,3,2,0,25.44,1060.0,182.0,1300,54.0,260,1296.0,2856.0
AF2023_Season,AF2023,2023,9,2,3,0,27.08,1076.0,164.0,1588,22.0,76,1262.0,2926.0
CCC2023_Season,CCC2023,2023,9,2,3,0,28.99,989.0,152.0,1316,28.0,121,1169.0,2606.0
WG2023_Season,WG2023,2023,9,1,4,0,31.3,981.0,132.0,1130,0.0,98,1113.0,2341.0
WW2023_Season,WW2023,2023,10,5,0,0,21.65,1305.0,194.0,1722,60.0,138,1559.0,3419.0
FX2023_Season,FX2023,2023,10,3,2,0,25.96,1117.0,194.0,1514,98.0,168,1409.0,3091.0
MHC2023_Season,MHC2023,2023,10,3,2,0,29.81,1058.0,152.0,1362,4.0,102,1214.0,2678.0
HRA2023_Season,HRA2023,2023,10,2,3,0,30.67,1026.0,152.0,1318,42.0,116,1220.0,2654.0
THA2023_Season,THA2023,2023,10,1,4,0,36.17,897.5,124.0,1194,28.0,30,1049.5,2273.5
GF2023_Season,GF2023,2023,10,1,4,0,37.28,880.5,134.0,1112,0.0,80,1014.5,2206.5
HM2023_Season,HM2023,2023,11,5,0,0,26.77,1180.0,185.0,1456,22.0,230,1387.0,3073.0
HP2023_Season,HP2023,2023,11,3,2,0,29.11,1086.0,184.0,1480,100.0,264,1370.0,3114.0
MW2023_Season,MW2023,2023,11,3,2,0,30.13,1126.0,168.0,1294,26.0,90,1320.0,2704.0
G2023_Season,G2023,2023,11,3,2,0,30.39,1105.0,155.0,1542,48.0,108,1308.0,2958.0
SR2023_Season,SR2023,2023,11,1,4,0,37.91,947.0,148.0,1286,0.0,96,1095.0,2477.0
FMW2023_Season,FMW2023,2023,11,0,5,0,44.85,816.0,116.0,1174,0.0,16,932.0,2122.0
FH2023_Season,FH2023,2023,12,5,0,0,30.62,1185.0,138.0,1550,0.0,144,1323.0,3017.0
KR2023_Season,KR2023,2023,12,4,1,0,31.3,1131.0,178.0,1524,28.0,44,1337.0,2905.0
DV2023_Season,DV2023,2023,12,3,2,0,35.79,1029.0,170.0,1284,0.0,158,1199.0,2641.0
PT2023_Season,PT2023,2023,12,1,4,0,38.02,965.0,144.0,1304,82.0,172,1191.0,2667.0
RF2023_Season,RF2023,2023,12,1,4,0,39.38,970.0,146.0,1334,29.0,88,1145.0,2567.0
SRA2023_Season,SRA2023,2023,12,1,4,0,40.5,988.0,122.0,1220,0.0,152,1110.0,2482.0
BF2023_Season,BF2023,2023,13,5,0,0,32.76,1143.5,196.0,1564,0.0,104,1339.5,3007.5
FCE2023_Season,FCE2023,2023,13,4,1,0,38.64,1056.0,110.0,1344,0.0,28,1166.0,2538.0
W2023_Season,W2023,2023,13,3,2,0,36.26,1073.0,162.0,1542,46.0,34,1281.0,2857.0
RG2023_Season,RG2023,2023,13,2,3,0,39.0,1067.0,152.0,1508,0.0,56,1219.0,2783.0
LH2023_Season,LH2023,2023,13,1,4,0,43.56,957.5,152.0,1096,0.0,116,1109.5,2321.5
SS22023_Season,SS22023,2023,13,0,5,0,48.2,896.0,120.0,1016,0.0,80,1016.0,2112.0
SV2023_Season,SV2023,2023,14,5,0,0,32.02,1200.0,184.0,1510,92.0,310,1476.0,3296.0
RV2023_Season,RV2023,2023,14,4,1,0,34.98,1101.0,206.0,1534,84.0,292,1391.0,3217.0
HF2023_Season,HF2023,2023,14,2,3,0,40.98,1076.5,168.0,1458,0.0,12,1244.5,2714.5
PAR2023_Season,PAR2023,2023,14,2,3,0,41.95,1045.5,156.0,1272,12.0,160,1213.5,2645.5
SOC2023_Season,SOC2023,2023,14,2,3,0,44.94,1021.0,106.0,1308,0.0,75,1127.0,2510.0
FME2023_Season,FME2023,2023,14,0,5,0,54.13,818.0,86.0,1120,58.0,146,962.0,2228.0
LP2023_Season,LP2023,2023,15,5,0,0,36.5,1207.5,180.0,1548,0.0,12,1387.5,2947.5
CSC2023_Season,CSC2023,2023,15,4,1,0,38.54,1181.0,168.0,1436,0.0,26,1349.0,2811.0
BKS2023_Season,BKS2023,2023,15,3,2,0,40.98,1131.0,168.0,1302,0.0,28,1299.0,2629.0
LB2023_Season,LB2023,2023,15,2,3,0,46.69,1021.0,138.0,1394,0.0,40,1159.0,2593.0
A2023_Season,A2023,2023,15,1,4,0,55.67,846.0,134.0,1274,0.0,28,980.0,2282.0
RFD2023_Season,RFD2023,2023,15,0,5,0,54.57,873.5,148.0,1218,0.0,30,1021.5,2269.5
HH2023_Season,HH2023,2023,16,5,0,0,41.38,1181.5,124.0,1418,0.0,18,1305.5,2741.5
LBR2023_Season,LBR2023,2023,16,3,2,0,42.16,1155.0,190.0,1520,0.0,10,1345.0,2875.0
H2023_Season,H2023,2023,16,3,2,0,48.19,1023.5,146.0,1414,0.0,52,1169.5,2635.5
V2023_Season,V2023,2023,16,2,3,0,49.83,997.5,156.0,1410,0.0,0,1153.5,2563.5
IC2023_Season,IC2023,2023,16,1,4,0,51.38,976.0,164.0,1200,0.0,14,1140.0,2354.0
BC2023_Season,BC2023,2023,16,1,4,0,60.95,830.5,118.0,1058,0.0,0,948.5,2006.5
PV2023_Season,PV2023,2023,17,5,0,0,37.0,1375.0,176.0,1674,0.0,0,1551.0,3225.0
NF2023_Season,NF2023,2023,17,4,1,0,36.12,1398.0,236.0,1914,0.0,0,1634.0,3548.0
NS2023_Season,NS2023,2023,17,3,2,0,45.94,1156.0,150.0,1494,0.0,0,1306.0,2800.0
S2023_Season,S2023,2023,17,2,3,0,47.42,1130.0,162.0,1532,0.0,0,1292.0,2824.0
PW2023_Season,PW2023,2023,17,1,4,0,114.16,471.0,50.0,640,0.0,0,521.0,1161.0
EP2023_Season,EP2023,2023,17,0,5,0,218.35,245.0,24.0,338,0.0,0,269.0,607.0
T2024_Season,T2024,2024,1,5,0,0,1.77,1254.5,216.0,1728.0,438.0,419,1908.5,4055.5
CB2024_Season,CB2024,2024,1,4,1,0,2.79,1245.0,200.0,1318,438.0,532,1883.0,3733.0
O2024_Season,O2024,2024,1,3,2,0,4.01,1143.5,172.0,1318,364.0,374,1679.5,3371.5
DR2024_Season,DR2024,2024,1,2,3,0,5.79,876.5,124.0,1316,210.0,266,1210.5,2792.5
HS2024_Season,HS2024,2024,1,1,4,0,6.57,984.5,123.0,1182,208.0,426,1315.5,2923.5
OKM2024_Season,OKM2024,2024,1,0,5,0,7.97,796.0,117.0,1393.5,222.0,606,1135.0,3134.5
CP2024_Season,CP2024,2024,2,4,1,0,5.44,1146.0,176.0,1484,200.0,430,1522.0,3436.0
L2024_Season,L2024,2024,2,4,1,0,5.7,1119.5,154.0,1380,162.0,410,1435.5,3225.5
OAK2024_Season,OAK2024,2024,2,3,1,1,5.79,1090.5,194.0,1348,126.0,326,1410.5,3084.5
HPP2024_Season,HPP2024,2024,2,2,3,0,8.48,1002.5,146.0,1302,84.0,288,1232.5,2822.5
HV2024_Season,HV2024,2024,2,1,3,1,8.21,1022.0,146.0,1458,128.0,400,1296.0,3154.0
ML2024_Season,ML2024,2024,2,0,5,0,10.78,914.5,136.0,1280,118.0,204,1168.5,2652.5
KG2024_Season,KG2024,2024,3,5,0,0,6.36,1267.5,176.0,1400,148.0,346,1591.5,3337.5
WC2024_Season,WC2024,2024,3,3,2,0,8.89,1072.5,200.0,1450,198.0,432,1470.5,3352.5
FO2024_Season,FO2024,2024,3,3,2,0,9.47,1092.0,158.0,1418,106.0,366,1356.0,3140.0
M2024_Season,M2024,2024,3,3,2,0,9.49,1017.0,154.0,1392,182.0,414,1353.0,3159.0
LRR2024_Season,LRR2024,2024,3,1,4,0,12.86,933.0,116.0,1254,94.0,244,1143.0,2641.0
HSC2024_Season,HSC2024,2024,3,0,5,0,13.8,915.0,152.0,1346,84.0,355,1151.0,2852.0
LHP2024_Season,LHP2024,2024,4,5,0,0,9.88,1138.5,148.0,1392,80.0,274,1366.5,3032.5
VW2024_Season,VW2024,2024,4,3,1,1,11.16,1099.5,158.0,1346,72.0,297,1329.5,2972.5
OH2024_Season,OH2024,2024,4,3,2,0,12.4,1080.5,154.0,1396,64.0,224,1298.5,2918.5
HB2024_Season,HB2024,2024,4,2,3,0,13.29,1006.0,186.0,1334,120.0,258,1312.0,2904.0
VAC2024_Season,VAC2024,2024,4,1,4,0,14.65,1020.5,160.0,1378,88.0,196,1268.5,2842.5
LG2024_Season,LG2024,2024,4,0,4,1,15.65,955.0,156.0,1406,48.0,160,1159.0,2725.0
PC2024_Season,PC2024,2024,5,4,1,0,13.21,1135.0,154.0,1404,94.0,98,1383.0,2885.0
SHR2024_Season,SHR2024,2024,5,3,2,0,14.84,1071.0,168.0,1264,76.0,126,1315.0,2705.0
CH2024_Season,CH2024,2024,5,3,2,0,15.14,1085.0,164.0,1444,36.0,227,1285.0,2956.0
VH2024_Season,VH2024,2024,5,3,2,0,15.21,1063.5,168.0,1400,46.0,177,1277.5,2854.5
VR2024_Season,VR2024,2024,5,2,3,0,16.72,972.5,174.0,1536,84.0,258,1230.5,3024.5
SOR2024_Season,SOR2024,2024,5,0,5,0,19.74,961.0,136.0,1208,48.0,251,1145.0,2604.0
F2024_Season,F2024,2024,6,5,0,0,15.04,1133.0,178.0,1322,36.0,182,1347.0,2851.0
SB2024_Season,SB2024,2024,6,4,1,0,16.2,1115.0,170.0,1466,48.0,108,1333.0,2907.0
PH2024_Season,PH2024,2024,6,3,2,0,18.45,1041.5,134.0,1336,56.0,62,1231.5,2629.5
FS2024_Season,FS2024,2024,6,1,4,0,20.87,1029.0,156.0,1296,16.0,216,1201.0,2713.0
HTM2024_Season,HTM2024,2024,6,1,4,0,20.89,977.5,170.0,1524,52.0,166,1199.5,2889.5
DL2024_Season,DL2024,2024,6,1,4,0,22.25,988.0,122.0,1318,0.0,184,1110.0,2612.0
RH2024_Season,RH2024,2024,7,4,1,0,17.65,1101.0,198.0,1390,120.0,406,1419.0,3215.0
PL2024_Season,PL2024,2024,7,4,1,0,19.37,1102.5,154.0,1362,30.0,234,1286.5,2882.5
SHB2024_Season,SHB2024,2024,7,2,3,0,20.9,1030.0,182.0,1300,108.0,576,1320.0,3196.0
CW2024_Season,CW2024,2024,7,2,3,0,21.82,1040.0,154.0,1218,62.0,416,1256.0,2890.0
WW2024_Season,WW2024,2024,7,2,3,0,23.25,1007.0,136.0,1476,24.0,254,1167.0,2897.0
DH2024_Season,DH2024,2024,7,1,4,0,23.98,1010.5,134.0,1470,38.0,84,1182.5,2736.5
R2024_Season,R2024,2024,8,5,0,0,19.42,1127.0,204.0,1492,60.0,262,1391.0,3145.0
FX2024_Season,FX2024,2024,8,4,1,0,20.58,1166.5,199.0,1426,14.0,128,1379.5,2933.5
CT2024_Season,CT2024,2024,8,3,2,0,24.14,1036.0,150.0,1416,34.0,218,1220.0,2854.0
MVP2024_Season,MVP2024,2024,8,2,3,0,25.27,1056.0,157.0,1360,0.0,108,1213.0,2681.0
DT2024_Season,DT2024,2024,8,1,4,0,27.23,978.5,132.0,1330,52.0,114,1162.5,2606.5
LE2024_Season,LE2024,2024,8,0,5,0,31.32,934.0,92.0,1214,0.0,90,1026.0,2330.0
LV2024_Season,LV2024,2024,9,5,0,0,21.3,1202.5,194.0,1426,30.0,250,1426.5,3102.5
CCC2024_Season,CCC2024,2024,9,4,1,0,23.49,1097.0,202.0,1394,52.0,176,1351.0,2921.0
AF2024_Season,AF2024,2024,9,3,2,0,27.37,1045.5,142.0,1442,10.0,168,1197.5,2807.5
SS2024_Season,SS2024,2024,9,1,4,0,28.31,988.0,154.0,1318,108.0,440,1250.0,3008.0
VA2024_Season,VA2024,2024,9,1,4,0,30.15,1016.0,134.0,1324,12.0,164,1162.0,2650.0
MHC2024_Season,MHC2024,2024,9,1,4,0,31.7,947.0,132.0,1322,18.0,66,1097.0,2485.0
FH2024_Season,FH2024,2024,10,5,0,0,25.5,1162.0,162.0,1578,0.0,92,1324.0,2994.0
HM2024_Season,HM2024,2024,10,4,1,0,27.43,1103.5,174.0,1574,0.0,204,1277.5,3055.5
CCH2024_Season,CCH2024,2024,10,2,3,0,30.34,1071.0,164.0,1550,0.0,68,1235.0,2853.0
HP2024_Season,HP2024,2024,10,2,3,0,32.04,992.5,170.0,1304,0.0,162,1162.5,2628.5
WG2024_Season,WG2024,2024,10,2,3,0,33.55,975.0,130.0,1206,0.0,20,1105.0,2331.0
HRA2024_Season,HRA2024,2024,10,0,5,0,35.92,976.0,116.0,1004,0.0,146,1092.0,2242.0
KR2024_Season,KR2024,2024,11,5,0,0,27.68,1153.5,174.0,1438,14.0,248,1341.5,3027.5
G2024_Season,G2024,2024,11,4,1,0,27.66,1165.0,182.0,1658,46.0,176.5,1393.0,3227.5
THA2024_Season,THA2024,2024,11,3,2,0,32.51,1065.0,152.0,1382,0.0,120,1217.0,2719.0
DV2024_Season,DV2024,2024,11,2,3,0,33.97,1009.0,164.0,1290,26.0,282,1199.0,2771.0
MW2024_Season,MW2024,2024,11,1,4,0,36.36,981.5,158.0,1342,8.0,32,1147.5,2521.5
BF2024_Season,BF2024,2024,11,0,5,0,41.05,896.0,118.0,1126,16.0,100,1030.0,2256.0
SV2024_Season,SV2024,2024,12,4,1,0,29.75,1145.0,194.0,1426,70.0,320,1409.0,3155.0
RV2024_Season,RV2024,2024,12,3,2,0,34.36,1056.0,162.0,1234,34.0,224,1252.0,2710.0
SRA2024_Season,SRA2024,2024,12,3,2,0,35.21,1088.0,132.0,1298,0.0,124,1220.0,2642.0
PT2024_Season,PT2024,2024,12,2,3,0,35.03,1037.0,164.0,1474,64.0,190,1265.0,2929.0
GF2024_Season,GF2024,2024,12,2,3,0,38.98,976.0,138.0,1366,12.0,0,1126.0,2492.0
RF2024_Season,RF2024,2024,12,1,4,0,40.93,961.0,136.0,1324,0.0,152,1097.0,2573.0
SR2024_Season,SR2024,2024,13,5,0,0,33.02,1161.0,168.0,1434,0.0,30,1329.0,2793.0
FCE2024_Season,FCE2024,2024,13,4,1,0,32.64,1201.0,186.0,1644,0.0,32,1387.0,3063.0
RG2024_Season,RG2024,2024,13,3,2,0,38.3,1051.0,158.0,1408,0.0,58,1209.0,2675.0
FMW2024_Season,FMW2024,2024,13,2,3,0,37.79,1063.5,190.0,1356,8.0,14,1261.5,2631.5
W2024_Season,W2024,2024,13,1,4,0,42.53,999.0,140.0,1464,0.0,36,1139.0,2639.0
B2024_Season,B2024,2024,13,0,5,0,55.53,778.5,90.0,896,0.0,62,868.5,1826.5
CSC2024_Season,CSC2024,2024,14,5,0,0,35.72,1135.0,164.0,1466,24.0,82,1323.0,2871.0
HF2024_Season,HF2024,2024,14,3,1,1,38.39,1100.0,164.0,1352,0.0,14,1264.0,2630.0
PAR2024_Season,PAR2024,2024,14,2,2,1,41.16,1047.0,160.0,1486,0.0,118,1207.0,2811.0
SOC2024_Season,SOC2024,2024,14,2,3,0,40.6,1061.0,176.0,1316,20.0,112,1257.0,2685.0
LP2024_Season,LP2024,2024,14,2,3,0,40.98,1068.5,154.0,1452,22.0,42,1244.5,2738.5
LH2024_Season,LH2024,2024,14,0,5,0,51.91,877.5,130.0,1170,0.0,60,1007.5,2237.5
BKS2024_Season,BKS2024,2024,15,5,0,0,31.31,1395.5,188.0,1872,34.0,168,1617.5,3657.5
FME2024_Season,FME2024,2024,15,4,1,0,43.81,1063.0,120.0,1378,0.0,72,1183.0,2633.0
SS22024_Season,SS22024,2024,15,2,3,0,47.05,1005.5,144.0,1334,0.0,10,1149.5,2493.5
HH2024_Season,HH2024,2024,15,2,3,0,49.08,977.0,122.0,1064,0.0,110,1099.0,2273.0
A2024_Season,A2024,2024,15,2,3,0,55.81,857.0,102.0,1106,0.0,4,959.0,2069.0
LB2024_Season,LB2024,2024,15,0,5,0,51.67,929.0,156.0,1322,0.0,76,1085.0,2483.0
RFD2024_Season,RFD2024,2024,16,5,0,0,39.66,1168.0,194.0,1412,0.0,34,1362.0,2808.0
NF2024_Season,NF2024,2024,16,3,2,0,46.98,1045.0,156.0,1446,0.0,0,1201.0,2647.0
PV2024_Season,PV2024,2024,16,3,2,0,48.01,1016.0,158.0,1328,0.0,26,1174.0,2528.0
H2024_Season,H2024,2024,16,2,3,0,49.33,1038.0,128.0,1140,0.0,0,1166.0,2306.0
V2024_Season,V2024,2024,16,1,4,0,51.59,987.0,148.0,1538,0.0,0,1135.0,2673.0
LBR2024_Season,LBR2024,2024,16,1,4,0,51.72,984.0,148.0,1304,0.0,112,1132.0,2548.0
NS2024_Season,NS2024,2024,17,4,0,1,37.41,1352.0,182.0,1600,0.0,56,1534.0,3190.0
IC2024_Season,IC2024,2024,17,4,0,1,37.56,1340.0,188.0,1760,0.0,14,1528.0,3302.0
BC2024_Season,BC2024,2024,17,3,2,0,42.56,1213.0,202.0,1676,0.0,0,1415.0,3091.0
S2024_Season,S2024,2024,17,2,3,0,50.75,1056.0,146.0,1344,0.0,0,1202.0,2546.0
EP2024_Season,EP2024,2024,17,1,4,0,100.78,547.0,46.0,652,0.0,0,593.0,1245.0
PW2024_Season,PW2024,2024,17,0,5,0,144.64,393.0,18.0,430,0.0,0,411.0,841.0
